carrier_name|id
Carrier 605817|0
Carrier 1396487|1
Carrier 1044585|2
Carrier 738|3
Carrier 14533|4
Carrier 1695246|5
Carrier 968589|6
Carrier 1695502|7
Carrier 749107|8
Carrier 1049651|9
Carrier 1229009|10
Carrier 1019564|11
Carrier 1027120|12
Carrier 1695273|13
Carrier 1058714|14
Carrier 1695748|15
Carrier 1333902|16
Carrier 1695547|17
Carrier 1197981|18
Carrier 74718|19
Carrier 1067308|20
Carrier 1416491|21
Carrier 1430635|22
Carrier 9000|23
Carrier 645257|24
Carrier 33512|25
Carrier 1695510|26
Carrier 1193408|27
Carrier 91007|28
Carrier 1467410|29
Carrier 59030|30
Carrier 1480348|31
Carrier 1433718|32
Carrier 1367601|33
Carrier 80460|34
Carrier 1042215|35
Carrier 704679|36
Carrier 93448|37
Carrier 778733|38
Carrier 8835|39
Carrier 1009479|40
Carrier 1233002|41
Carrier 690828|42
Carrier 16359|43
Carrier 1333777|44
Carrier 74163|45
Carrier 1492505|46
Carrier 1633527|47
Carrier 1361792|48
Carrier 722913|49
Carrier 1693551|50
Carrier 1693568|51
Carrier 34632|52
Carrier 102826|53
Carrier 89123|54
Carrier 1262311|55
Carrier 1033481|56
Carrier 19121|57
Carrier 1693534|58
Carrier 1687657|59
Carrier 1016288|60
Carrier 1695676|61
Carrier 99500|62
Carrier 1350192|63
Carrier 1403814|64
Carrier 1085448|65
Carrier 1641256|66
Carrier 1086560|67
Carrier 86164|68
Carrier 102563|69
Carrier 1695549|70
Carrier 101341|71
Carrier 951426|72
Carrier 1241778|73
Carrier 1215243|74
Carrier 1241928|75
Carrier 1046543|76
Carrier 101432|77
Carrier 1044630|78
Carrier 1072372|79
Carrier 1046323|80
Carrier 389721|81
Carrier 57804|82
Carrier 971923|83
Carrier 41201|84
Carrier 1054825|85
Carrier 65584|86
Carrier 87075|87
Carrier 50251|88
Carrier 1066083|89
Carrier 104935|90
Carrier 101147|91
Carrier 166414|92
Carrier 1468866|93
Carrier 591477|94
Carrier 1243230|95
Carrier 1052955|96
Carrier 1018566|97
Carrier 1695775|98
Carrier 1695684|99
Carrier 1168345|100
Carrier 1462792|101
Carrier 326118|102
Carrier 1695402|103
Carrier 12080|104
Carrier 1025747|105
Carrier 1491474|106
Carrier 1035146|107
Carrier 1594295|108
Carrier 1605466|109
Carrier 1070370|110
Carrier 1694857|111
Carrier 5742|112
Carrier 1695667|113
Carrier 1695670|114
Carrier 1477927|115
Carrier 1375300|116
Carrier 1640346|117
Carrier 1695240|118
Carrier 82831|119
Carrier 1695721|120
Carrier 1138362|121
Carrier 795325|122
Carrier 1266319|123
Carrier 1448160|124
Carrier 78455|125
Carrier 731927|126
Carrier 1024294|127
Carrier 1060870|128
Carrier 1044520|129
Carrier 14950|130
Carrier 31074|131
Carrier 1695650|132
Carrier 1044237|133
Carrier 1020435|134
Carrier 1218604|135
Carrier 72909|136
Carrier 1283148|137
Carrier 1298496|138
Carrier 1695646|139
Carrier 357773|140
Carrier 104138|141
Carrier 1285422|142
Carrier 129474|143
Carrier 77854|144
Carrier 102819|145
Carrier 1241642|146
Carrier 77438|147
Carrier 27323|148
Carrier 623469|149
Carrier 1527372|150
Carrier 6214|151
Carrier 1695644|152
Carrier 1555174|153
Carrier 1215458|154
Carrier 1452983|155
Carrier 1015803|156
Carrier 2777|157
Carrier 997050|158
Carrier 13049|159
Carrier 1237001|160
Carrier 107932|161
Carrier 1005425|162
Carrier 81967|163
Carrier 1014943|164
Carrier 99659|165
Carrier 1695713|166
Carrier 1615835|167
Carrier 1215447|168
Carrier 975211|169
Carrier 1215377|170
Carrier 1330853|171
Carrier 92055|172
Carrier 76519|173
Carrier 1695657|174
Carrier 859631|175
Carrier 1695548|176
Carrier 1694422|177
Carrier 617685|178
Carrier 109416|179
Carrier 1045524|180
Carrier 1055986|181
Carrier 1666034|182
Carrier 1401261|183
Carrier 1695513|184
Carrier 84317|185
Carrier 69267|186
Carrier 1569931|187
Carrier 1573290|188
Carrier 1239822|189
Carrier 972055|190
Carrier 113604|191
Carrier 31780|192
Carrier 1592494|193
Carrier 1589458|194
Carrier 1102170|195
Carrier 1215454|196
Carrier 369761|197
Carrier 72416|198
Carrier 1071033|199
Carrier 114413|200
Carrier 1244511|201
Carrier 1058232|202
Carrier 1035111|203
Carrier 516466|204
Carrier 114297|205
Carrier 945244|206
Carrier 102897|207
Carrier 765902|208
Carrier 1693836|209
Carrier 999732|210
Carrier 1695411|211
Carrier 93256|212
Carrier 69585|213
Carrier 1051624|214
Carrier 1240834|215
Carrier 77017|216
Carrier 1398391|217
Carrier 1544941|218
Carrier 1030902|219
Carrier 1270403|220
Carrier 1005528|221
Carrier 944110|222
Carrier 1532346|223
Carrier 80128|224
Carrier 105736|225
Carrier 98311|226
Carrier 10861|227
Carrier 1004831|228
Carrier 1319512|229
Carrier 81373|230
Carrier 76966|231
Carrier 1695179|232
Carrier 1695678|233
Carrier 1035008|234
Carrier 1695194|235
Carrier 1695397|236
Carrier 1662448|237
Carrier 1658310|238
Carrier 1027499|239
Carrier 38929|240
Carrier 1215313|241
Carrier 1254378|242
Carrier 604804|243
Carrier 613932|244
Carrier 1492355|245
Carrier 1695284|246
Carrier 1539525|247
Carrier 970759|248
Carrier 1695741|249
Carrier 1480516|250
Carrier 1070607|251
Carrier 1034065|252
Carrier 1695470|253
Carrier 56364|254
Carrier 14448|255
Carrier 1034393|256
Carrier 372346|257
Carrier 1694438|258
Carrier 1485718|259
Carrier 1006852|260
Carrier 1695596|261
Carrier 1341672|262
Carrier 1695697|263
Carrier 1295438|264
Carrier 472163|265
Carrier 93468|266
Carrier 1050090|267
Carrier 1174609|268
Carrier 30549|269
Carrier 1681657|270
Carrier 1243837|271
Carrier 1552174|272
Carrier 1331325|273
Carrier 1695627|274
Carrier 1459577|275
Carrier 368|276
Carrier 1074770|277
Carrier 1160771|278
Carrier 1086564|279
Carrier 607649|280
Carrier 51333|281
Carrier 792680|282
Carrier 1297336|283
Carrier 28523|284
Carrier 1695348|285
Carrier 27691|286
Carrier 1068231|287
Carrier 4997|288
Carrier 1246409|289
Carrier 1536952|290
Carrier 43490|291
Carrier 1288568|292
Carrier 94142|293
Carrier 1416869|294
Carrier 1280576|295
Carrier 40847|296
Carrier 1356448|297
Carrier 98357|298
Carrier 115788|299
Carrier 1695703|300
Carrier 113782|301
Carrier 866391|302
Carrier 1436653|303
Carrier 387666|304
Carrier 1391174|305
Carrier 173773|306
Carrier 1347580|307
Carrier 1694488|308
Carrier 1695637|309
Carrier 22382|310
Carrier 2903|311
Carrier 1695425|312
Carrier 66390|313
Carrier 1662724|314
Carrier 38031|315
Carrier 1695499|316
Carrier 1008272|317
Carrier 129512|318
Carrier 1465509|319
Carrier 1599978|320
Carrier 347141|321
Carrier 1431338|322
Carrier 28948|323
Carrier 1335293|324
Carrier 1695356|325
Carrier 1026284|326
Carrier 1017413|327
Carrier 1695687|328
Carrier 105524|329
Carrier 147833|330
Carrier 1563442|331
Carrier 1025710|332
Carrier 995571|333
Carrier 1695835|334
Carrier 733410|335
Carrier 65608|336
Carrier 1076087|337
Carrier 974851|338
Carrier 872938|339
Carrier 1695385|340
Carrier 1071312|341
Carrier 1695675|342
Carrier 1050359|343
Carrier 29828|344
Carrier 1465972|345
Carrier 1024511|346
Carrier 180807|347
Carrier 362291|348
Carrier 1069795|349
Carrier 64827|350
Carrier 1630157|351
Carrier 1177126|352
Carrier 866676|353
Carrier 1642904|354
Carrier 945198|355
Carrier 49473|356
Carrier 1052781|357
Carrier 1431022|358
Carrier 1425578|359
Carrier 17714|360
Carrier 84277|361
Carrier 1627334|362
Carrier 1338964|363
Carrier 1445874|364
Carrier 92375|365
Carrier 1695516|366
Carrier 1660310|367
Carrier 1545580|368
Carrier 1451271|369
Carrier 800998|370
Carrier 1629880|371
Carrier 1016407|372
Carrier 23611|373
Carrier 1368530|374
Carrier 1031513|375
Carrier 75514|376
Carrier 1554127|377
Carrier 1695737|378
Carrier 997964|379
Carrier 984374|380
Carrier 1289226|381
Carrier 1022199|382
Carrier 956190|383
Carrier 946481|384
Carrier 1335358|385
Carrier 1067348|386
Carrier 1237602|387
Carrier 1695561|388
Carrier 1084503|389
Carrier 1092587|390
Carrier 1080268|391
Carrier 1695272|392
Carrier 73537|393
Carrier 975370|394
Carrier 1436762|395
Carrier 989522|396
Carrier 1063570|397
Carrier 1631385|398
Carrier 1199797|399
Carrier 1048479|400
Carrier 1371093|401
Carrier 1574067|402
Carrier 1693814|403
Carrier 61452|404
Carrier 1695181|405
Carrier 130636|406
Carrier 951592|407
Carrier 88258|408
Carrier 1695793|409
Carrier 1335316|410
Carrier 1284839|411
Carrier 1080120|412
Carrier 1695653|413
Carrier 1492032|414
Carrier 1306297|415
Carrier 628093|416
Carrier 1695614|417
Carrier 17203|418
Carrier 1069611|419
Carrier 1678683|420
Carrier 1695362|421
Carrier 1036533|422
Carrier 1020455|423
Carrier 1200282|424
Carrier 1403627|425
Carrier 1005988|426
Carrier 1045989|427
Carrier 32026|428
Carrier 11186|429
Carrier 3351|430
Carrier 916023|431
Carrier 797827|432
Carrier 68490|433
Carrier 979154|434
Carrier 1386221|435
Carrier 1477837|436
Carrier 1036138|437
Carrier 1045595|438
Carrier 1695452|439
Carrier 1293536|440
Carrier 1051135|441
Carrier 977012|442
Carrier 100891|443
Carrier 988304|444
Carrier 1241432|445
Carrier 1316515|446
Carrier 32519|447
Carrier 1695612|448
Carrier 1210765|449
Carrier 1695750|450
Carrier 1465851|451
Carrier 1061546|452
Carrier 90481|453
Carrier 62279|454
Carrier 87518|455
Carrier 1458303|456
Carrier 1041911|457
Carrier 1565635|458
Carrier 1695468|459
Carrier 1695350|460
Carrier 53590|461
Carrier 1486119|462
Carrier 266164|463
Carrier 1028053|464
Carrier 1241246|465
Carrier 1377814|466
Carrier 961246|467
Carrier 1059812|468
Carrier 1558348|469
Carrier 178|470
Carrier 1006210|471
Carrier 79277|472
Carrier 412137|473
Carrier 73924|474
Carrier 107434|475
Carrier 74506|476
Carrier 1076253|477
Carrier 1233188|478
Carrier 1229228|479
Carrier 1489000|480
Carrier 80744|481
Carrier 78161|482
Carrier 1064161|483
Carrier 1010542|484
Carrier 1693566|485
Carrier 1690730|486
Carrier 21656|487
Carrier 1206565|488
Carrier 1073769|489
Carrier 85462|490
Carrier 374207|491
Carrier 1018849|492
Carrier 1678239|493
Carrier 1071405|494
Carrier 746729|495
Carrier 1515117|496
Carrier 17452|497
Carrier 997348|498
Carrier 96912|499
Carrier 1347068|500
Carrier 48101|501
Carrier 359620|502
Carrier 1694577|503
Carrier 1042794|504
Carrier 1308277|505
Carrier 1695581|506
Carrier 1575384|507
Carrier 1695802|508
Carrier 1261469|509
Carrier 507487|510
Carrier 1695767|511
Carrier 1460563|512
Carrier 125642|513
Carrier 1069790|514
Carrier 97866|515
Carrier 49010|516
Carrier 1359323|517
Carrier 89013|518
Carrier 1695283|519
Carrier 775562|520
Carrier 1039528|521
Carrier 41352|522
Carrier 1657136|523
Carrier 1652456|524
Carrier 1695586|525
Carrier 1215425|526
Carrier 1695477|527
Carrier 1394742|528
Carrier 369899|529
Carrier 118543|530
Carrier 528438|531
Carrier 91000|532
Carrier 1478638|533
Carrier 1044865|534
Carrier 106013|535
Carrier 1077485|536
Carrier 1601608|537
Carrier 1391219|538
Carrier 117594|539
Carrier 1695800|540
Carrier 1693961|541
Carrier 154651|542
Carrier 1404268|543
Carrier 1227320|544
Carrier 1466230|545
Carrier 1084875|546
Carrier 831746|547
Carrier 1695191|548
Carrier 1410092|549
Carrier 50084|550
Carrier 1541477|551
Carrier 80546|552
Carrier 1086354|553
Carrier 5631|554
Carrier 1694503|555
Carrier 1695672|556
Carrier 78593|557
Carrier 1438153|558
Carrier 27623|559
Carrier 994590|560
Carrier 1243047|561
Carrier 91391|562
Carrier 1242567|563
Carrier 1380254|564
Carrier 1492064|565
Carrier 1694091|566
Carrier 937972|567
Carrier 1695337|568
Carrier 1391175|569
Carrier 1445198|570
Carrier 1635072|571
Carrier 75410|572
Carrier 1411282|573
Carrier 1648273|574
Carrier 1244151|575
Carrier 1547960|576
Carrier 1008878|577
Carrier 374915|578
Carrier 1596639|579
Carrier 1200987|580
Carrier 49484|581
Carrier 83801|582
Carrier 1569075|583
Carrier 1057708|584
Carrier 1647427|585
Carrier 1394523|586
Carrier 51077|587
Carrier 53261|588
Carrier 1693572|589
Carrier 1695088|590
Carrier 954438|591
Carrier 22870|592
Carrier 1693795|593
Carrier 1241917|594
Carrier 1323292|595
Carrier 715502|596
Carrier 1695436|597
Carrier 770018|598
Carrier 844999|599
Carrier 63807|600
Carrier 1443130|601
Carrier 1215413|602
Carrier 1396578|603
Carrier 1687142|604
Carrier 1031227|605
Carrier 116644|606
Carrier 1693500|607
Carrier 961685|608
Carrier 305473|609
Carrier 17677|610
Carrier 1027599|611
Carrier 33320|612
Carrier 68912|613
Carrier 22817|614
Carrier 686275|615
Carrier 864486|616
Carrier 1673649|617
Carrier 30737|618
Carrier 977560|619
Carrier 1015306|620
Carrier 1493496|621
Carrier 1044218|622
Carrier 49199|623
Carrier 1549011|624
Carrier 1695487|625
Carrier 288241|626
Carrier 953052|627
Carrier 1043515|628
Carrier 1047452|629
Carrier 51278|630
Carrier 1135169|631
Carrier 1695369|632
Carrier 106325|633
Carrier 1645011|634
Carrier 53723|635
Carrier 1482236|636
Carrier 1693570|637
Carrier 85072|638
Carrier 1040438|639
Carrier 115448|640
Carrier 1444016|641
Carrier 55977|642
Carrier 40344|643
Carrier 75065|644
Carrier 1542284|645
Carrier 788499|646
Carrier 71646|647
Carrier 1674128|648
Carrier 1046654|649
Carrier 117607|650
Carrier 65487|651
Carrier 1635733|652
Carrier 1036102|653
Carrier 1056206|654
Carrier 86454|655
Carrier 1619790|656
Carrier 1350533|657
Carrier 1048375|658
Carrier 1695839|659
Carrier 114280|660
Carrier 1327784|661
Carrier 1066326|662
Carrier 44490|663
Carrier 994528|664
Carrier 2279|665
Carrier 104870|666
Carrier 1586735|667
Carrier 1317551|668
Carrier 1053118|669
Carrier 1695645|670
Carrier 1113585|671
Carrier 1693535|672
Carrier 1693536|673
Carrier 1184908|674
Carrier 1265515|675
Carrier 563947|676
Carrier 955781|677
Carrier 1695552|678
Carrier 1080029|679
Carrier 1608374|680
Carrier 55001|681
Carrier 1674038|682
Carrier 1299707|683
Carrier 963502|684
Carrier 1479797|685
Carrier 1695511|686
Carrier 48399|687
Carrier 1438707|688
Carrier 24626|689
Carrier 451864|690
Carrier 73246|691
Carrier 651583|692
Carrier 685179|693
Carrier 985182|694
Carrier 1695438|695
Carrier 1049222|696
Carrier 1612575|697
Carrier 370235|698
Carrier 1693338|699
Carrier 1695527|700
Carrier 4094|701
Carrier 1630193|702
Carrier 1695267|703
Carrier 1374222|704
Carrier 109254|705
Carrier 1177925|706
Carrier 1500012|707
Carrier 1052359|708
Carrier 1035879|709
Carrier 1368850|710
Carrier 1461574|711
Carrier 1695483|712
Carrier 88114|713
Carrier 1695476|714
Carrier 1037993|715
Carrier 1055607|716
Carrier 991295|717
Carrier 8914|718
Carrier 660799|719
Carrier 114823|720
Carrier 1688582|721
Carrier 85419|722
Carrier 1695651|723
Carrier 1655530|724
Carrier 1046760|725
Carrier 88202|726
Carrier 75147|727
Carrier 487188|728
Carrier 1215234|729
Carrier 93102|730
Carrier 55452|731
Carrier 41951|732
Carrier 968232|733
Carrier 1695186|734
Carrier 1617031|735
Carrier 63367|736
Carrier 1086443|737
Carrier 46296|738
Carrier 1695536|739
Carrier 1296652|740
Carrier 977018|741
Carrier 105166|742
Carrier 1473237|743
Carrier 56439|744
Carrier 1265786|745
Carrier 1080860|746
Carrier 54470|747
Carrier 862163|748
Carrier 25652|749
Carrier 1008888|750
Carrier 957189|751
Carrier 1061231|752
Carrier 1695505|753
Carrier 1633828|754
Carrier 1113930|755
Carrier 944957|756
Carrier 117597|757
Carrier 1695805|758
Carrier 1469175|759
Carrier 32794|760
Carrier 1103124|761
Carrier 1423854|762
Carrier 1244161|763
Carrier 54272|764
Carrier 671652|765
Carrier 107046|766
Carrier 1031249|767
Carrier 79585|768
Carrier 1548596|769
Carrier 1695245|770
Carrier 1292114|771
Carrier 24508|772
Carrier 754417|773
Carrier 47895|774
Carrier 1084782|775
Carrier 1385680|776
Carrier 969434|777
Carrier 744432|778
Carrier 674439|779
Carrier 102291|780
Carrier 1215347|781
Carrier 1679421|782
Carrier 1020684|783
Carrier 1002555|784
Carrier 860771|785
Carrier 1086712|786
Carrier 1236400|787
Carrier 1475635|788
Carrier 13402|789
Carrier 13726|790
Carrier 4928|791
Carrier 1695618|792
Carrier 152079|793
Carrier 632822|794
Carrier 940495|795
Carrier 1694201|796
Carrier 1407839|797
Carrier 1167673|798
Carrier 1045304|799
Carrier 17835|800
Carrier 1332143|801
Carrier 33629|802
Carrier 1246950|803
Carrier 1005326|804
Carrier 28008|805
Carrier 1127070|806
Carrier 1077712|807
Carrier 1343697|808
Carrier 1053113|809
Carrier 964735|810
Carrier 996379|811
Carrier 941668|812
Carrier 2464|813
Carrier 1338498|814
Carrier 365596|815
Carrier 6100|816
Carrier 59401|817
Carrier 1695433|818
Carrier 1695537|819
Carrier 10002|820
Carrier 68535|821
Carrier 964075|822
Carrier 1468324|823
Carrier 1293449|824
Carrier 1270876|825
Carrier 1612921|826
Carrier 23414|827
Carrier 511984|828
Carrier 1072723|829
Carrier 707147|830
Carrier 43527|831
Carrier 1695334|832
Carrier 1353314|833
Carrier 1332603|834
Carrier 1642265|835
Carrier 1023114|836
Carrier 1693550|837
Carrier 1012360|838
Carrier 1215355|839
Carrier 1508175|840
Carrier 1370808|841
Carrier 34349|842
Carrier 1424861|843
Carrier 1338243|844
Carrier 1637951|845
Carrier 34285|846
Carrier 7490|847
Carrier 1695720|848
Carrier 52724|849
Carrier 1085471|850
Carrier 1052883|851
Carrier 33501|852
Carrier 1044323|853
Carrier 5338|854
Carrier 815759|855
Carrier 1007131|856
Carrier 531462|857
Carrier 1497573|858
Carrier 1695808|859
Carrier 1650683|860
Carrier 1188364|861
Carrier 1360188|862
Carrier 1695351|863
Carrier 1240315|864
Carrier 1283964|865
Carrier 62451|866
Carrier 1645721|867
Carrier 1450227|868
Carrier 1053029|869
Carrier 1022388|870
Carrier 432508|871
Carrier 925702|872
Carrier 73029|873
Carrier 644327|874
Carrier 1561682|875
Carrier 1407031|876
Carrier 1032825|877
Carrier 1508367|878
Carrier 978458|879
Carrier 669788|880
Carrier 1695796|881
Carrier 1041814|882
Carrier 1614459|883
Carrier 97236|884
Carrier 63158|885
Carrier 1387313|886
Carrier 1695274|887
Carrier 1572800|888
Carrier 1287842|889
Carrier 686925|890
Carrier 1066246|891
Carrier 610802|892
Carrier 50093|893
Carrier 1240426|894
Carrier 1050870|895
Carrier 919999|896
Carrier 1033117|897
Carrier 1239765|898
Carrier 1305526|899
Carrier 43797|900
Carrier 1543679|901
Carrier 1025457|902
Carrier 1378019|903
Carrier 578055|904
Carrier 1067217|905
Carrier 150473|906
Carrier 117545|907
Carrier 1416338|908
Carrier 1489863|909
Carrier 1587691|910
Carrier 753264|911
Carrier 25475|912
Carrier 1453255|913
Carrier 1694132|914
Carrier 1056252|915
Carrier 308188|916
Carrier 1470465|917
Carrier 1695743|918
Carrier 806984|919
Carrier 647552|920
Carrier 80841|921
Carrier 89768|922
Carrier 1025622|923
Carrier 1333544|924
Carrier 1154123|925
Carrier 21221|926
Carrier 1693635|927
Carrier 1069135|928
Carrier 1695522|929
Carrier 1695526|930
Carrier 981093|931
Carrier 561280|932
Carrier 109918|933
Carrier 995344|934
Carrier 1071866|935
Carrier 80299|936
Carrier 1695534|937
Carrier 84350|938
Carrier 94108|939
Carrier 1392733|940
Carrier 1048548|941
Carrier 945702|942
Carrier 1295697|943
Carrier 1693483|944
Carrier 994031|945
Carrier 1358452|946
Carrier 963783|947
Carrier 1036232|948
Carrier 1055084|949
Carrier 1051754|950
Carrier 1003220|951
Carrier 16669|952
Carrier 110512|953
Carrier 615933|954
Carrier 27597|955
Carrier 1206340|956
Carrier 122771|957
Carrier 37151|958
Carrier 669140|959
Carrier 1072658|960
Carrier 1695259|961
Carrier 1493762|962
Carrier 123730|963
Carrier 1469806|964
Carrier 1326586|965
Carrier 1435036|966
Carrier 947348|967
Carrier 1694432|968
Carrier 1215423|969
Carrier 88001|970
Carrier 1352784|971
Carrier 944838|972
Carrier 819914|973
Carrier 41610|974
Carrier 1695435|975
Carrier 1436652|976
Carrier 1308877|977
Carrier 48803|978
Carrier 5996|979
Carrier 765555|980
Carrier 1690203|981
Carrier 46513|982
Carrier 1657658|983
Carrier 1036149|984
Carrier 1626850|985
Carrier 1416349|986
Carrier 1695455|987
Carrier 1035234|988
Carrier 1669683|989
Carrier 1308446|990
Carrier 1047029|991
Carrier 1044827|992
Carrier 115262|993
Carrier 935316|994
Carrier 375724|995
Carrier 1695241|996
Carrier 678221|997
Carrier 49821|998
Carrier 85742|999
Carrier 1241093|1000
Carrier 108315|1001
Carrier 381143|1002
Carrier 538258|1003
Carrier 1695292|1004
Carrier 1623799|1005
Carrier 1016367|1006
Carrier 1695519|1007
Carrier 1016754|1008
Carrier 1256256|1009
Carrier 1064563|1010
Carrier 534322|1011
Carrier 1425562|1012
Carrier 1398711|1013
Carrier 1054673|1014
Carrier 1451751|1015
Carrier 1695466|1016
Carrier 1327195|1017
Carrier 1039111|1018
Carrier 1240367|1019
Carrier 694858|1020
Carrier 1592370|1021
Carrier 1650798|1022
Carrier 163053|1023
Carrier 1031719|1024
Carrier 1330914|1025
Carrier 19248|1026
Carrier 1330887|1027
Carrier 88057|1028
Carrier 1316982|1029
Carrier 1444786|1030
Carrier 1628671|1031
Carrier 57607|1032
Carrier 1417083|1033
Carrier 572|1034
Carrier 1427844|1035
Carrier 1145216|1036
Carrier 1567920|1037
Carrier 1086797|1038
Carrier 20160|1039
Carrier 84507|1040
Carrier 73823|1041
Carrier 81816|1042
Carrier 955825|1043
Carrier 1048753|1044
Carrier 1695277|1045
Carrier 2242|1046
Carrier 1604335|1047
Carrier 32005|1048
Carrier 89517|1049
Carrier 1126713|1050
Carrier 115244|1051
Carrier 1662922|1052
Carrier 5043|1053
Carrier 1021474|1054
Carrier 1406661|1055
Carrier 1633721|1056
Carrier 1695391|1057
Carrier 1654710|1058
Carrier 1034828|1059
Carrier 1215438|1060
Carrier 106239|1061
Carrier 1538447|1062
Carrier 14840|1063
Carrier 1440647|1064
Carrier 1615975|1065
Carrier 800776|1066
Carrier 1083794|1067
Carrier 107790|1068
Carrier 1215362|1069
Carrier 962032|1070
Carrier 978481|1071
Carrier 947118|1072
Carrier 965065|1073
Carrier 995955|1074
Carrier 400532|1075
Carrier 505212|1076
Carrier 51917|1077
Carrier 1041647|1078
Carrier 1695357|1079
Carrier 101590|1080
Carrier 95924|1081
Carrier 1598557|1082
Carrier 38789|1083
Carrier 1492069|1084
Carrier 1262171|1085
Carrier 330332|1086
Carrier 4000|1087
Carrier 1084795|1088
Carrier 1340790|1089
Carrier 24241|1090
Carrier 71406|1091
Carrier 1140333|1092
Carrier 1226345|1093
Carrier 342587|1094
Carrier 1121703|1095
Carrier 117599|1096
Carrier 1024934|1097
Carrier 106770|1098
Carrier 1645780|1099
Carrier 1253264|1100
Carrier 35383|1101
Carrier 1075061|1102
Carrier 1567302|1103
Carrier 936214|1104
Carrier 458370|1105
Carrier 104161|1106
Carrier 1043529|1107
Carrier 1695564|1108
Carrier 31047|1109
Carrier 1477566|1110
Carrier 1428479|1111
Carrier 73257|1112
Carrier 1695180|1113
Carrier 7971|1114
Carrier 6967|1115
Carrier 1695440|1116
Carrier 1695349|1117
Carrier 1207954|1118
Carrier 1021379|1119
Carrier 1207302|1120
Carrier 1677669|1121
Carrier 1693588|1122
Carrier 1693549|1123
Carrier 1695515|1124
Carrier 1695234|1125
Carrier 1243288|1126
Carrier 1611471|1127
Carrier 1695405|1128
Carrier 1072494|1129
Carrier 1077459|1130
Carrier 100051|1131
Carrier 1035131|1132
Carrier 260171|1133
Carrier 1452223|1134
Carrier 1040295|1135
Carrier 38605|1136
Carrier 581872|1137
Carrier 1301148|1138
Carrier 939442|1139
Carrier 34822|1140
Carrier 1307209|1141
Carrier 1019579|1142
Carrier 132245|1143
Carrier 1340577|1144
Carrier 105523|1145
Carrier 1693519|1146
Carrier 83985|1147
Carrier 1337114|1148
Carrier 821366|1149
Carrier 46177|1150
Carrier 104019|1151
Carrier 1215346|1152
Carrier 1000270|1153
Carrier 95641|1154
Carrier 1400325|1155
Carrier 1178263|1156
Carrier 1185163|1157
Carrier 90581|1158
Carrier 1367568|1159
Carrier 1352308|1160
Carrier 158675|1161
Carrier 10209|1162
Carrier 131313|1163
Carrier 108547|1164
Carrier 1564828|1165
Carrier 1378831|1166
Carrier 92971|1167
Carrier 1353061|1168
Carrier 1403410|1169
Carrier 1069080|1170
Carrier 1396474|1171
Carrier 951529|1172
Carrier 982751|1173
Carrier 1039260|1174
Carrier 1011047|1175
Carrier 1469538|1176
Carrier 953158|1177
Carrier 1358174|1178
Carrier 1695170|1179
Carrier 972866|1180
Carrier 1695169|1181
Carrier 30958|1182
Carrier 1290961|1183
Carrier 1033226|1184
Carrier 701464|1185
Carrier 1695268|1186
Carrier 1629986|1187
Carrier 1114859|1188
Carrier 600064|1189
Carrier 981809|1190
Carrier 119248|1191
Carrier 1034464|1192
Carrier 1634228|1193
Carrier 19266|1194
Carrier 1240012|1195
Carrier 1695424|1196
Carrier 112737|1197
Carrier 1370978|1198
Carrier 1295571|1199
Carrier 1014370|1200
Carrier 1122319|1201
Carrier 46076|1202
Carrier 158266|1203
Carrier 48769|1204
Carrier 1318140|1205
Carrier 102506|1206
Carrier 1352546|1207
Carrier 13487|1208
Carrier 804095|1209
Carrier 1695811|1210
Carrier 8900|1211
Carrier 77178|1212
Carrier 1375891|1213
Carrier 1315994|1214
Carrier 1331463|1215
Carrier 1471981|1216
Carrier 33983|1217
Carrier 1389244|1218
Carrier 1028105|1219
Carrier 1538656|1220
Carrier 1694588|1221
Carrier 851632|1222
Carrier 1081444|1223
Carrier 1428438|1224
Carrier 1695232|1225
Carrier 3939|1226
Carrier 13940|1227
Carrier 68046|1228
Carrier 3306|1229
Carrier 1350322|1230
Carrier 1693505|1231
Carrier 1023795|1232
Carrier 1343762|1233
Carrier 80368|1234
Carrier 1055147|1235
Carrier 1126066|1236
Carrier 1067999|1237
Carrier 113302|1238
Carrier 1079008|1239
Carrier 1651827|1240
Carrier 1695550|1241
Carrier 22829|1242
Carrier 1695430|1243
Carrier 1258270|1244
Carrier 78623|1245
Carrier 1306346|1246
Carrier 1638732|1247
Carrier 1312412|1248
Carrier 1085336|1249
Carrier 155063|1250
Carrier 61757|1251
Carrier 1139729|1252
Carrier 1180379|1253
Carrier 1286123|1254
Carrier 1695154|1255
Carrier 505114|1256
Carrier 1457958|1257
Carrier 102741|1258
Carrier 1694789|1259
Carrier 1693497|1260
Carrier 1551543|1261
Carrier 57045|1262
Carrier 1693530|1263
Carrier 1030506|1264
Carrier 945578|1265
Carrier 1078133|1266
Carrier 1363581|1267
Carrier 1068159|1268
Carrier 1315606|1269
Carrier 91645|1270
Carrier 7636|1271
Carrier 1010501|1272
Carrier 6826|1273
Carrier 1033131|1274
Carrier 1661197|1275
Carrier 1695383|1276
Carrier 1553984|1277
Carrier 71933|1278
Carrier 1695155|1279
Carrier 1005125|1280
Carrier 1436000|1281
Carrier 1377644|1282
Carrier 1054345|1283
Carrier 86008|1284
Carrier 1004475|1285
Carrier 73340|1286
Carrier 1333637|1287
Carrier 1693531|1288
Carrier 975536|1289
Carrier 797109|1290
Carrier 78583|1291
Carrier 1071582|1292
Carrier 52627|1293
Carrier 1365154|1294
Carrier 1276652|1295
Carrier 1396262|1296
Carrier 1535722|1297
Carrier 454511|1298
Carrier 1378107|1299
Carrier 967405|1300
Carrier 1695371|1301
Carrier 950663|1302
Carrier 982548|1303
Carrier 47140|1304
Carrier 1065421|1305
Carrier 75697|1306
Carrier 54676|1307
Carrier 1695195|1308
Carrier 1056260|1309
Carrier 1695762|1310
Carrier 44275|1311
Carrier 1695167|1312
Carrier 995968|1313
Carrier 72730|1314
Carrier 1693533|1315
Carrier 361652|1316
Carrier 1360635|1317
Carrier 1011211|1318
Carrier 15036|1319
Carrier 1383428|1320
Carrier 1541941|1321
Carrier 1073775|1322
Carrier 36473|1323
Carrier 1695184|1324
Carrier 360228|1325
Carrier 1039545|1326
Carrier 1019824|1327
Carrier 1695622|1328
Carrier 45211|1329
Carrier 552905|1330
Carrier 1695623|1331
Carrier 74133|1332
Carrier 776774|1333
Carrier 1021495|1334
Carrier 1223993|1335
Carrier 1695373|1336
Carrier 1099925|1337
Carrier 1377349|1338
Carrier 1072503|1339
Carrier 1012042|1340
Carrier 398963|1341
Carrier 1695428|1342
Carrier 1695491|1343
Carrier 1215371|1344
Carrier 1607668|1345
Carrier 1037782|1346
Carrier 962856|1347
Carrier 1477624|1348
Carrier 1026167|1349
Carrier 1401911|1350
Carrier 1598202|1351
Carrier 1664678|1352
Carrier 1060824|1353
Carrier 1462770|1354
Carrier 1081611|1355
Carrier 1511360|1356
Carrier 53313|1357
Carrier 83148|1358
Carrier 558587|1359
Carrier 86753|1360
Carrier 970643|1361
Carrier 1395917|1362
Carrier 1695363|1363
Carrier 1695635|1364
Carrier 1614220|1365
Carrier 1230028|1366
Carrier 1042669|1367
Carrier 35925|1368
Carrier 1695266|1369
Carrier 93616|1370
Carrier 1652195|1371
Carrier 1031979|1372
Carrier 1406065|1373
Carrier 1695829|1374
Carrier 1029012|1375
Carrier 62084|1376
Carrier 24871|1377
Carrier 84570|1378
Carrier 1523037|1379
Carrier 95300|1380
Carrier 1082082|1381
Carrier 1215497|1382
Carrier 1393046|1383
Carrier 554600|1384
Carrier 1695447|1385
Carrier 1080621|1386
Carrier 20193|1387
Carrier 1605508|1388
Carrier 1693573|1389
Carrier 1357003|1390
Carrier 1366307|1391
Carrier 1693590|1392
Carrier 1695258|1393
Carrier 67639|1394
Carrier 1416008|1395
Carrier 9651|1396
Carrier 720653|1397
Carrier 94667|1398
Carrier 101953|1399
Carrier 1452001|1400
Carrier 957045|1401
Carrier 1695461|1402
Carrier 1072777|1403
Carrier 1550829|1404
Carrier 94197|1405
Carrier 983258|1406
Carrier 1352956|1407
Carrier 491840|1408
Carrier 1526325|1409
Carrier 1689911|1410
Carrier 1057610|1411
Carrier 1694149|1412
Carrier 1695607|1413
Carrier 1695066|1414
Carrier 1533562|1415
Carrier 1362312|1416
Carrier 1215293|1417
Carrier 1693574|1418
Carrier 116700|1419
Carrier 74294|1420
Carrier 98244|1421
Carrier 1040363|1422
Carrier 461294|1423
Carrier 1537680|1424
Carrier 737910|1425
Carrier 922672|1426
Carrier 106138|1427
Carrier 1386087|1428
Carrier 1059377|1429
Carrier 831977|1430
Carrier 86598|1431
Carrier 1558859|1432
Carrier 1448922|1433
Carrier 1085726|1434
Carrier 1455946|1435
Carrier 1215415|1436
Carrier 257959|1437
Carrier 1619928|1438
Carrier 1346406|1439
Carrier 452009|1440
Carrier 1038801|1441
Carrier 1695553|1442
Carrier 179386|1443
Carrier 1663138|1444
Carrier 155423|1445
Carrier 503149|1446
Carrier 1063135|1447
Carrier 1695086|1448
Carrier 1065339|1449
Carrier 590210|1450
Carrier 311629|1451
Carrier 1426045|1452
Carrier 997743|1453
Carrier 1080668|1454
Carrier 1018846|1455
Carrier 55988|1456
Carrier 985688|1457
Carrier 1248660|1458
Carrier 1693556|1459
Carrier 1695597|1460
Carrier 1087076|1461
Carrier 1686218|1462
Carrier 1695346|1463
Carrier 1284276|1464
Carrier 1694518|1465
Carrier 1695291|1466
Carrier 943751|1467
Carrier 1695799|1468
Carrier 958298|1469
Carrier 1248127|1470
Carrier 1207136|1471
Carrier 1314315|1472
Carrier 952234|1473
Carrier 1373640|1474
Carrier 1066478|1475
Carrier 1695370|1476
Carrier 68743|1477
Carrier 159867|1478
Carrier 1056996|1479
Carrier 1309197|1480
Carrier 1087619|1481
Carrier 1553953|1482
Carrier 1596270|1483
Carrier 38761|1484
Carrier 1558665|1485
Carrier 109758|1486
Carrier 1693783|1487
Carrier 1692848|1488
Carrier 13598|1489
Carrier 1073510|1490
Carrier 30532|1491
Carrier 78959|1492
Carrier 116150|1493
Carrier 1575929|1494
Carrier 1693538|1495
Carrier 1343557|1496
Carrier 1462791|1497
Carrier 977864|1498
Carrier 1695178|1499
Carrier 62322|1500
Carrier 364430|1501
Carrier 1287561|1502
Carrier 1218732|1503
Carrier 928826|1504
Carrier 38035|1505
Carrier 96779|1506
Carrier 1693583|1507
Carrier 1215457|1508
Carrier 1695150|1509
Carrier 691599|1510
Carrier 1017530|1511
Carrier 46264|1512
Carrier 1340531|1513
Carrier 1621274|1514
Carrier 1328445|1515
Carrier 65685|1516
Carrier 1042301|1517
Carrier 599087|1518
Carrier 1282172|1519
Carrier 30014|1520
Carrier 1376474|1521
Carrier 375555|1522
Carrier 770385|1523
Carrier 6278|1524
Carrier 1530261|1525
Carrier 82244|1526
Carrier 77587|1527
Carrier 1695464|1528
Carrier 1695544|1529
Carrier 703514|1530
Carrier 1695583|1531
Carrier 490311|1532
Carrier 100746|1533
Carrier 1064075|1534
Carrier 1176466|1535
Carrier 53703|1536
Carrier 1695863|1537
Carrier 103600|1538
Carrier 942333|1539
Carrier 1247885|1540
Carrier 1631762|1541
Carrier 1576503|1542
Carrier 1695673|1543
Carrier 11107|1544
Carrier 367380|1545
Carrier 1147761|1546
Carrier 1612333|1547
Carrier 972736|1548
Carrier 567581|1549
Carrier 1556250|1550
Carrier 611154|1551
Carrier 65851|1552
Carrier 1693589|1553
Carrier 39446|1554
Carrier 719977|1555
Carrier 370869|1556
Carrier 23185|1557
Carrier 22653|1558
Carrier 1244343|1559
Carrier 1695381|1560
Carrier 1235511|1561
Carrier 186649|1562
Carrier 1680078|1563
Carrier 984506|1564
Carrier 1336415|1565
Carrier 1418529|1566
Carrier 1042270|1567
Carrier 109400|1568
Carrier 1390882|1569
Carrier 1086251|1570
Carrier 1563365|1571
Carrier 1532550|1572
Carrier 739123|1573
Carrier 624032|1574
Carrier 1215449|1575
Carrier 1473376|1576
Carrier 984595|1577
Carrier 1383745|1578
Carrier 1695188|1579
Carrier 981000|1580
Carrier 1314803|1581
Carrier 84650|1582
Carrier 863302|1583
Carrier 1285611|1584
Carrier 26662|1585
Carrier 33842|1586
Carrier 79411|1587
Carrier 1695403|1588
Carrier 72232|1589
Carrier 1067071|1590
Carrier 22875|1591
Carrier 1456022|1592
Carrier 105285|1593
Carrier 1695008|1594
Carrier 68695|1595
Carrier 91606|1596
Carrier 1034376|1597
Carrier 996559|1598
Carrier 641522|1599
Carrier 1561606|1600
Carrier 944166|1601
Carrier 1668271|1602
Carrier 1560089|1603
Carrier 1009751|1604
Carrier 956851|1605
Carrier 1456009|1606
Carrier 40286|1607
Carrier 1497907|1608
Carrier 1311774|1609
Carrier 17228|1610
Carrier 1073000|1611
Carrier 676076|1612
Carrier 33924|1613
Carrier 1695630|1614
Carrier 377375|1615
Carrier 1439150|1616
Carrier 200419|1617
Carrier 1693532|1618
Carrier 1695172|1619
Carrier 1247239|1620
Carrier 1693724|1621
Carrier 77153|1622
Carrier 1695368|1623
Carrier 1572618|1624
Carrier 93868|1625
Carrier 1343372|1626
Carrier 1603665|1627
Carrier 82712|1628
Carrier 87352|1629
Carrier 1693395|1630
Carrier 1240254|1631
Carrier 1362519|1632
Carrier 38397|1633
Carrier 21845|1634
Carrier 1276904|1635
Carrier 1178770|1636
Carrier 1054239|1637
Carrier 1385101|1638
Carrier 111635|1639
Carrier 1695281|1640
Carrier 1695168|1641
Carrier 1695624|1642
Carrier 1067836|1643
Carrier 1375672|1644
Carrier 77479|1645
Carrier 1694875|1646
Carrier 1286135|1647
Carrier 822409|1648
Carrier 1565966|1649
Carrier 1559850|1650
Carrier 1693553|1651
Carrier 978321|1652
Carrier 1693719|1653
Carrier 92157|1654
Carrier 5046|1655
Carrier 76994|1656
Carrier 341997|1657
Carrier 9610|1658
Carrier 1570109|1659
Carrier 1013471|1660
Carrier 10589|1661
Carrier 1695726|1662
Carrier 1453341|1663
Carrier 1032150|1664
Carrier 67837|1665
Carrier 1046673|1666
Carrier 1372858|1667
Carrier 1066565|1668
Carrier 994003|1669
Carrier 1266886|1670
Carrier 664|1671
Carrier 464981|1672
Carrier 1558758|1673
Carrier 835102|1674
Carrier 118956|1675
Carrier 34070|1676
Carrier 1084218|1677
Carrier 115190|1678
Carrier 1695629|1679
Carrier 945233|1680
Carrier 22948|1681
Carrier 1039317|1682
Carrier 171381|1683
Carrier 1348341|1684
Carrier 1514968|1685
Carrier 546141|1686
Carrier 1695364|1687
Carrier 1695695|1688
Carrier 1476802|1689
Carrier 1416618|1690
Carrier 1576315|1691
Carrier 1695566|1692
Carrier 1235861|1693
Carrier 79789|1694
Carrier 1235804|1695
Carrier 1695378|1696
Carrier 972012|1697
Carrier 1319275|1698
Carrier 112421|1699
Carrier 21819|1700
Carrier 1695361|1701
Carrier 1357797|1702
Carrier 1066338|1703
Carrier 1012481|1704
Carrier 1655917|1705
Carrier 928484|1706
Carrier 1207457|1707
Carrier 1025614|1708
Carrier 594541|1709
Carrier 21821|1710
Carrier 1247402|1711
Carrier 479741|1712
Carrier 80899|1713
Carrier 1390969|1714
Carrier 1433612|1715
Carrier 1658119|1716
Carrier 1017814|1717
Carrier 1215422|1718
Carrier 428828|1719
Carrier 1004886|1720
Carrier 680195|1721
Carrier 1694001|1722
Carrier 1232674|1723
Carrier 1105304|1724
Carrier 1337148|1725
Carrier 951595|1726
Carrier 1639060|1727
Carrier 45305|1728
Carrier 645471|1729
Carrier 1048470|1730
Carrier 303317|1731
Carrier 1640414|1732
Carrier 82271|1733
Carrier 1159765|1734
Carrier 1198013|1735
Carrier 1300149|1736
Carrier 13841|1737
Carrier 71315|1738
Carrier 826139|1739
Carrier 807783|1740
Carrier 7796|1741
Carrier 1464833|1742
Carrier 1240629|1743
Carrier 955586|1744
Carrier 1385826|1745
Carrier 832217|1746
Carrier 960719|1747
Carrier 67241|1748
Carrier 1480060|1749
Carrier 18801|1750
Carrier 55501|1751
Carrier 1516072|1752
Carrier 1352695|1753
Carrier 1693504|1754
Carrier 1695235|1755
Carrier 15344|1756
Carrier 408796|1757
Carrier 60807|1758
Carrier 1383026|1759
Carrier 306517|1760
Carrier 974751|1761
Carrier 1468132|1762
Carrier 893486|1763
Carrier 1538652|1764
Carrier 62196|1765
Carrier 142096|1766
Carrier 1291786|1767
Carrier 54491|1768
Carrier 1333664|1769
Carrier 1634011|1770
Carrier 1072986|1771
Carrier 1695276|1772
Carrier 678706|1773
Carrier 9419|1774
Carrier 72458|1775
Carrier 1399434|1776
Carrier 956499|1777
Carrier 1057935|1778
Carrier 998030|1779
Carrier 1652859|1780
Carrier 25379|1781
Carrier 368229|1782
Carrier 1214406|1783
Carrier 690843|1784
Carrier 46636|1785
Carrier 1044756|1786
Carrier 37131|1787
Carrier 479062|1788
Carrier 1624707|1789
Carrier 1444498|1790
Carrier 1075872|1791
Carrier 1695146|1792
Carrier 1068610|1793
Carrier 953240|1794
Carrier 1695069|1795
Carrier 332736|1796
Carrier 1695803|1797
Carrier 1358580|1798
Carrier 1356147|1799
Carrier 71756|1800
Carrier 1695765|1801
Carrier 1694200|1802
Carrier 1219386|1803
Carrier 1457232|1804
Carrier 721815|1805
Carrier 964206|1806
Carrier 1012575|1807
Carrier 616661|1808
Carrier 66974|1809
Carrier 852500|1810
Carrier 31263|1811
Carrier 1647614|1812
Carrier 1695151|1813
Carrier 1150261|1814
Carrier 1288244|1815
Carrier 98964|1816
Carrier 613999|1817
Carrier 1247580|1818
Carrier 1412944|1819
Carrier 1015820|1820
Carrier 1006883|1821
Carrier 1020389|1822
Carrier 55909|1823
Carrier 33490|1824
Carrier 690733|1825
Carrier 1087552|1826
Carrier 1054213|1827
Carrier 11147|1828
Carrier 27246|1829
Carrier 1357758|1830
Carrier 1532679|1831
Carrier 1239696|1832
Carrier 1472021|1833
Carrier 1014395|1834
Carrier 968757|1835
Carrier 36348|1836
Carrier 24079|1837
Carrier 1695689|1838
Carrier 1325031|1839
Carrier 1695244|1840
Carrier 1694888|1841
Carrier 1070138|1842
Carrier 90912|1843
Carrier 88698|1844
Carrier 1419154|1845
Carrier 14295|1846
Carrier 110438|1847
Carrier 1011392|1848
Carrier 1027404|1849
Carrier 7364|1850
Carrier 1693508|1851
Carrier 1693552|1852
Carrier 1150133|1853
Carrier 621541|1854
Carrier 367437|1855
Carrier 982281|1856
Carrier 1290956|1857
Carrier 28707|1858
Carrier 1282457|1859
Carrier 1420138|1860
Carrier 859067|1861
Carrier 1517735|1862
Carrier 22386|1863
Carrier 1288132|1864
Carrier 1695494|1865
Carrier 18406|1866
Carrier 1695182|1867
Carrier 1192813|1868
Carrier 718215|1869
Carrier 983407|1870
Carrier 1215303|1871
Carrier 1695147|1872
Carrier 1361575|1873
Carrier 1507176|1874
Carrier 1686454|1875
Carrier 374310|1876
Carrier 1027332|1877
Carrier 1693537|1878
Carrier 1236708|1879
Carrier 60917|1880
Carrier 1079133|1881
Carrier 1695347|1882
Carrier 1449921|1883
Carrier 1227091|1884
Carrier 65896|1885
Carrier 1020284|1886
Carrier 249023|1887
Carrier 1331962|1888
Carrier 1040375|1889
Carrier 1402429|1890
Carrier 1396953|1891
Carrier 2058|1892
Carrier 1005235|1893
Carrier 1037934|1894
Carrier 869468|1895
Carrier 1079196|1896
Carrier 1113714|1897
Carrier 1610446|1898
Carrier 1695228|1899
Carrier 54298|1900
Carrier 1465657|1901
Carrier 9278|1902
Carrier 359818|1903
Carrier 1356737|1904
Carrier 1416454|1905
Carrier 854001|1906
Carrier 1695664|1907
Carrier 1695459|1908
Carrier 1021797|1909
Carrier 1000776|1910
Carrier 1207879|1911
Carrier 1039806|1912
Carrier 39434|1913
Carrier 40296|1914
Carrier 1695654|1915
Carrier 187815|1916
Carrier 1215396|1917
Carrier 785331|1918
Carrier 1693585|1919
Carrier 1204805|1920
Carrier 87171|1921
Carrier 75676|1922
Carrier 10445|1923
Carrier 40749|1924
Carrier 495998|1925
Carrier 51064|1926
Carrier 164058|1927
Carrier 7543|1928
Carrier 1384529|1929
Carrier 43032|1930
Carrier 10452|1931
Carrier 161529|1932
Carrier 1065016|1933
Carrier 1695528|1934
Carrier 539420|1935
Carrier 769878|1936
Carrier 1695814|1937
Carrier 1384655|1938
Carrier 82478|1939
Carrier 1244302|1940
Carrier 1240714|1941
Carrier 1269673|1942
Carrier 59766|1943
Carrier 1689722|1944
Carrier 1492835|1945
Carrier 11799|1946
Carrier 127275|1947
Carrier 1695335|1948
Carrier 43200|1949
Carrier 1278326|1950
Carrier 678129|1951
Carrier 1693493|1952
Carrier 505379|1953
Carrier 442086|1954
Carrier 804788|1955
Carrier 69898|1956
Carrier 3076|1957
Carrier 583730|1958
Carrier 827137|1959
Carrier 1460328|1960
Carrier 101368|1961
Carrier 1083805|1962
Carrier 1641|1963
Carrier 1694592|1964
Carrier 1413357|1965
Carrier 800739|1966
Carrier 17721|1967
Carrier 113308|1968
Carrier 77878|1969
Carrier 958291|1970
Carrier 1012910|1971
Carrier 1695236|1972
Carrier 1695685|1973
Carrier 1053585|1974
Carrier 822981|1975
Carrier 110505|1976
Carrier 1144669|1977
Carrier 1023686|1978
Carrier 1526477|1979
Carrier 1550259|1980
Carrier 84504|1981
Carrier 751256|1982
Carrier 92424|1983
Carrier 1375897|1984
Carrier 1599873|1985
Carrier 1236|1986
Carrier 188447|1987
Carrier 1693751|1988
Carrier 1084492|1989
Carrier 1693545|1990
Carrier 1695446|1991
Carrier 708030|1992
Carrier 1215451|1993
Carrier 16025|1994
Carrier 735522|1995
Carrier 1687588|1996
Carrier 412227|1997
Carrier 553983|1998
Carrier 299670|1999
Carrier 1313161|2000
Carrier 977880|2001
Carrier 63558|2002
Carrier 1129365|2003
Carrier 1034135|2004
Carrier 407772|2005
Carrier 1475394|2006
Carrier 1554386|2007
Carrier 487653|2008
Carrier 79027|2009
Carrier 1068351|2010
Carrier 1323310|2011
Carrier 85403|2012
Carrier 1695682|2013
Carrier 1048440|2014
Carrier 51521|2015
Carrier 32758|2016
Carrier 1041646|2017
Carrier 100709|2018
Carrier 1693586|2019
Carrier 1592|2020
Carrier 89757|2021
Carrier 40263|2022
Carrier 1695239|2023
Carrier 86860|2024
Carrier 1085610|2025
Carrier 111631|2026
Carrier 1065224|2027
Carrier 1635065|2028
Carrier 1398154|2029
Carrier 946269|2030
Carrier 374606|2031
Carrier 27784|2032
Carrier 956988|2033
Carrier 1341204|2034
Carrier 1695562|2035
Carrier 62921|2036
Carrier 1053338|2037
Carrier 1215270|2038
Carrier 16243|2039
Carrier 493892|2040
Carrier 1695418|2041
Carrier 999843|2042
Carrier 10494|2043
Carrier 29044|2044
Carrier 1694533|2045
Carrier 360479|2046
Carrier 1326154|2047
Carrier 1277662|2048
Carrier 1523598|2049
Carrier 420172|2050
Carrier 705641|2051
Carrier 44381|2052
Carrier 1633781|2053
Carrier 71390|2054
Carrier 1330754|2055
Carrier 1079632|2056
Carrier 1695727|2057
Carrier 1275662|2058
Carrier 1693924|2059
Carrier 55702|2060
Carrier 1101418|2061
Carrier 1458329|2062
Carrier 1656928|2063
Carrier 1695728|2064
Carrier 1080084|2065
Carrier 1232326|2066
Carrier 414839|2067
Carrier 1693569|2068
Carrier 1468637|2069
Carrier 140448|2070
Carrier 397168|2071
Carrier 4196|2072
Carrier 1319178|2073
Carrier 1446321|2074
|2075
Carrier 1695255|2076
Carrier 8219|2077
Carrier 1073498|2078
Carrier 1695261|2079
Carrier 1295756|2080
Carrier 47540|2081
Carrier 47504|2082
Carrier 1385378|2083
Carrier 1695230|2084
Carrier 1695404|2085
Carrier 1090398|2086
Carrier 1693544|2087
Carrier 1215337|2088
Carrier 66133|2089
Carrier 1572518|2090
Carrier 961497|2091
Carrier 1695705|2092
Carrier 698669|2093
Carrier 742049|2094
Carrier 1695372|2095
Carrier 62745|2096
Carrier 1269258|2097
Carrier 1695593|2098
Carrier 1443765|2099
Carrier 725708|2100
Carrier 1695559|2101
Carrier 1076939|2102
Carrier 1017923|2103
Carrier 81011|2104
Carrier 16525|2105
Carrier 1583922|2106
Carrier 1695237|2107
Carrier 654897|2108
Carrier 753660|2109
Carrier 1475092|2110
Carrier 964546|2111
Carrier 21120|2112
Carrier 1068362|2113
Carrier 1085416|2114
Carrier 1695344|2115
Carrier 279545|2116
Carrier 1438360|2117
Carrier 66025|2118
Carrier 503422|2119
Carrier 703622|2120
Carrier 1079255|2121
Carrier 816774|2122
Carrier 619302|2123
Carrier 1693488|2124
Carrier 958624|2125
Carrier 1624331|2126
Carrier 1693565|2127
Carrier 48458|2128
Carrier 63760|2129
Carrier 1695157|2130
Carrier 1334642|2131
Carrier 1682404|2132
Carrier 1681614|2133
Carrier 98363|2134
Carrier 1079162|2135
Carrier 991147|2136
Carrier 40356|2137
Carrier 772844|2138
Carrier 32166|2139
Carrier 1693554|2140
Carrier 1069377|2141
Carrier 817834|2142
Carrier 1695401|2143
Carrier 83941|2144
Carrier 106263|2145
Carrier 1693576|2146
Carrier 1636290|2147
Carrier 1077427|2148
Carrier 102130|2149
Carrier 50297|2150
Carrier 1534652|2151
Carrier 1695159|2152
Carrier 1695396|2153
Carrier 820065|2154
Carrier 1281522|2155
Carrier 540532|2156
Carrier 1215412|2157
Carrier 77344|2158
Carrier 366056|2159
Carrier 1381910|2160
Carrier 1169602|2161
Carrier 1378825|2162
Carrier 68114|2163
Carrier 107817|2164
Carrier 1048028|2165
Carrier 107026|2166
Carrier 1391018|2167
Carrier 1058662|2168
Carrier 1693562|2169
Carrier 1580986|2170
Carrier 1695249|2171
Carrier 1085758|2172
Carrier 1012039|2173
Carrier 16424|2174
Carrier 54660|2175
Carrier 1693390|2176
Carrier 88679|2177
Carrier 1636145|2178
Carrier 1063962|2179
Carrier 746100|2180
Carrier 1553265|2181
Carrier 1290175|2182
Carrier 1064000|2183
Carrier 1291555|2184
Carrier 1050238|2185
Carrier 1467037|2186
Carrier 154563|2187
Carrier 1679937|2188
Carrier 49679|2189
Carrier 1396793|2190
Carrier 1617460|2191
Carrier 1030395|2192
Carrier 1268215|2193
Carrier 45414|2194
Carrier 1054924|2195
Carrier 920764|2196
Carrier 301725|2197
Carrier 1054148|2198
Carrier 1043457|2199
Carrier 733897|2200
Carrier 736749|2201
Carrier 8420|2202
Not Informed|-1
